time,volume,aggregate volume,aggregate mass,speed(F)
15.995309584778923,0.011386423654486437,0.011386423654486437,25.05013203987016,1423.7202194357367
17.374442909708588,0.0009817490551316513,0.012368172709618088,27.209979961159796,1423.7202194357367
19.71127844423418,0.0016635009105380536,0.014031673620156141,30.86968196434351,1423.7202194357367
22.04811397875977,0.0016635009105380536,0.015695174530694196,34.52938396752723,1423.7202194357367
24.38494951328536,0.0016635009105380536,0.01735867544123225,38.18908597071095,1423.7202194357367
25.553367280548155,0.0008317504552690268,0.018190425896501276,40.018936972302804,1423.7202194357367
25.974798395881894,0.00030000235272259923,0.018490428249223874,40.67894214829252,1423.7202194357367
27.14321616314469,0.0008317504552690268,0.0193221787044929,42.50879314988438,1423.7202194357367
29.48005169767028,0.0016635009105380536,0.020985679615030953,46.1684951530681,1423.7202194357367
31.81688723219587,0.0016635009105380536,0.022649180525569006,49.82819715625181,1423.7202194357367
34.15372276672146,0.0016635009105380536,0.02431268143610706,53.48789915943553,1423.7202194357367
35.53285609165113,0.0009817490551316513,0.02529443049123871,55.64774708072516,1423.7202194357367
38.27215834132044,0.0019500024102035202,0.02724443290144223,59.937752383172906,1423.7202194357367
44.1721939559928,0.0042000020201322895,0.03144443492157452,69.17775682746394,1423.7202194357367
50.072229570665165,0.0042000020201322895,0.03564443694170681,78.41776127175498,1423.7202194357367
55.97226518533753,0.0042000020201322895,0.039844438961839104,87.65776571604603,1423.7202194357367
58.71156743500684,0.0019500024102035202,0.04179444137204263,91.94777101849378,1423.7202194357367
60.09070075993651,0.0009817490551316513,0.04277619042717428,94.10761893978342,1423.7202194357367
62.4275362944621,0.0016635009105380536,0.044439691337712334,97.76732094296713,1423.7202194357367
64.76437182898769,0.0016635009105380536,0.04610319224825039,101.42702294615086,1423.7202194357367
67.10120736351328,0.0016635009105380536,0.04776669315878844,105.08672494933457,1423.7202194357367
68.26962513077608,0.0008317504552690268,0.04859844361405747,106.91657595092643,1423.7202194357367
68.69105624610982,0.00030000235272259923,0.04889844596678007,107.57658112691615,1423.7202194357367
69.85947401337262,0.0008317504552690268,0.0497301964220491,109.40643212850803,1423.7202194357367
72.19630954789821,0.0016635009105380536,0.051393697332587154,113.06613413169174,1423.7202194357367
74.5331450824238,0.0016635009105380536,0.05305719824312521,116.72583613487545,1423.7202194357367
76.86998061694939,0.0016635009105380536,0.05472069915366326,120.38553813805918,1423.7202194357367
78.24911394187906,0.0009817490551316513,0.055702448208794914,122.54538605934881,1423.7202194357367
80.98841619154837,0.0019500024102035202,0.05765245061899844,126.83539136179657,1423.7202194357367
86.88845180622073,0.0042000020201322895,0.06185245263913072,136.07539580608758,1423.7202194357367
92.78848742089309,0.0042000020201322895,0.06605245465926302,145.31540025037864,1423.7202194357367
98.68852303556545,0.0042000020201322895,0.07025245667939531,154.55540469466968,1423.7202194357367
101.42782528523476,0.0019500024102035202,0.07220245908959882,158.84540999711743,1423.7202194357367
102.80695861016443,0.0009817490551316513,0.07318420814473048,161.00525791840704,1423.7202194357367
105.14379414469002,0.0016635009105380536,0.07484770905526854,164.6649599215908,1423.7202194357367
107.48062967921561,0.0016635009105380536,0.0765112099658066,168.32466192477452,1423.7202194357367
109.8174652137412,0.0016635009105380536,0.07817471087634466,171.98436392795824,1423.7202194357367
110.985882981004,0.0008317504552690268,0.07900646133161368,173.8142149295501,1423.7202194357367
111.40731409633774,0.00030000235272259923,0.07930646368433628,174.4742201055398,1423.7202194357367
112.57573186360054,0.0008317504552690268,0.0801382141396053,176.30407110713165,1423.7202194357367
114.91256739812613,0.0016635009105380536,0.08180171505014336,179.9637731103154,1423.7202194357367
117.24940293265172,0.0016635009105380536,0.08346521596068142,183.62347511349913,1423.7202194357367
119.58623846717731,0.0016635009105380536,0.08512871687121948,187.28317711668285,1423.7202194357367
120.96537179210698,0.0009817490551316513,0.08611046592635113,189.4430250379725,1423.7202194357367
123.70467404177629,0.0019500024102035202,0.08806046833655465,193.7330303404202,1423.7202194357367
129.60470965644865,0.0042000020201322895,0.09226047035668694,202.97303478471127,1423.7202194357367
135.504745271121,0.0042000020201322895,0.09646047237681923,212.2130392290023,1423.7202194357367
141.40478088579337,0.0042000020201322895,0.10066047439695153,221.45304367329337,1423.7202194357367
144.1440831354627,0.0019500024102035202,0.10261047680715504,225.7430489757411,1423.7202194357367
145.52321646039235,0.0009817490551316513,0.1035922258622867,227.90289689703073,1423.7202194357367
147.86005199491794,0.0016635009105380536,0.10525572677282476,231.56259890021445,1423.7202194357367
150.19688752944353,0.0016635009105380536,0.10691922768336282,235.2223009033982,1423.7202194357367
152.53372306396912,0.0016635009105380536,0.10858272859390088,238.88200290658193,1423.7202194357367
153.70214083123193,0.0008317504552690268,0.1094144790491699,240.71185390817377,1423.7202194357367
154.12357194656568,0.00030000235272259923,0.1097144814018925,241.37185908416348,1423.7202194357367
155.29198971382849,0.0008317504552690268,0.11054623185716152,243.20171008575534,1423.7202194357367
157.62882524835408,0.0016635009105380536,0.11220973276769958,246.86141208893906,1423.7202194357367
159.96566078287967,0.0016635009105380536,0.11387323367823764,250.52111409212282,1423.7202194357367
162.30249631740526,0.0016635009105380536,0.1155367345887757,254.18081609530654,1423.7202194357367
163.6816296423349,0.0009817490551316513,0.11651848364390735,256.3406640165962,1423.7202194357367
166.42093189200423,0.0019500024102035202,0.11846848605411087,260.63066931904393,1423.7202194357367
172.3209675066766,0.0042000020201322895,0.12266848807424316,269.87067376333493,1423.7202194357367
178.22100312134896,0.0042000020201322895,0.12686849009437545,279.110678207626,1423.7202194357367
184.12103873602132,0.0042000020201322895,0.13106849211450775,288.35068265191705,1423.7202194357367
186.86034098569064,0.0019500024102035202,0.13301849452471126,292.64068795436475,1423.7202194357367
188.2394743106203,0.0009817490551316513,0.13400024357984291,294.8005358756544,1423.7202194357367
190.5763098451459,0.0016635009105380536,0.13566374449038096,298.4602378788381,1423.7202194357367
192.91314537967148,0.0016635009105380536,0.137327245400919,302.1199398820218,1423.7202194357367
195.24998091419707,0.0016635009105380536,0.13899074631145705,305.77964188520554,1423.7202194357367
196.41839868145988,0.0008317504552690268,0.1398224967667261,307.6094928867974,1423.7202194357367
196.83982979679362,0.00030000235272259923,0.14012249911944868,308.2694980627871,1423.7202194357367
198.00824756405643,0.0008317504552690268,0.14095424957471772,310.099349064379,1423.7202194357367
200.34508309858202,0.0016635009105380536,0.14261775048525577,313.75905106756267,1423.7202194357367
202.6819186331076,0.0016635009105380536,0.1442812513957938,317.4187530707464,1423.7202194357367
205.0187541676332,0.0016635009105380536,0.14594475230633186,321.0784550739301,1423.7202194357367
206.39788749256286,0.0009817490551316513,0.1469265013614635,323.2383029952197,1423.7202194357367
209.13718974223218,0.0019500024102035202,0.14887650377166703,327.5283082976675,1423.7202194357367
215.03722535690454,0.0042000020201322895,0.15307650579179932,336.7683127419585,1423.7202194357367
220.9372609715769,0.0042000020201322895,0.15727650781193162,346.00831718624954,1423.7202194357367
226.83729658624927,0.0042000020201322895,0.1614765098320639,355.2483216305406,1423.7202194357367
229.5765988359186,0.0019500024102035202,0.16342651224226742,359.53832693298835,1423.7202194357367
230.95573216084824,0.0009817490551316513,0.16440826129739908,361.69817485427797,1423.7202194357367
233.29256769537383,0.0016635009105380536,0.16607176220793712,365.3578768574617,1423.7202194357367
235.62940322989942,0.0016635009105380536,0.16773526311847517,369.01757886064536,1423.7202194357367
237.96623876442501,0.0016635009105380536,0.16939876402901322,372.6772808638291,1423.7202194357367
239.13465653168782,0.0008317504552690268,0.17023051448428225,374.50713186542094,1423.7202194357367
239.55608764702157,0.00030000235272259923,0.17053051683700485,375.1671370414107,1423.7202194357367
240.72450541428438,0.0008317504552690268,0.17136226729227388,376.99698804300255,1423.7202194357367
243.06134094880997,0.0016635009105380536,0.17302576820281193,380.65669004618627,1423.7202194357367
245.39817648333556,0.0016635009105380536,0.17468926911334998,384.31639204936994,1423.7202194357367
247.73501201786115,0.0016635009105380536,0.17635277002388802,387.97609405255366,1423.7202194357367
249.1141453427908,0.0009817490551316513,0.17733451907901968,390.1359419738433,1423.7202194357367
251.85344759246013,0.0019500024102035202,0.1792845214892232,394.425947276291,1423.7202194357367
257.7534832071325,0.0042000020201322895,0.18348452350935548,403.6659517205821,1423.7202194357367
263.6535188218049,0.0042000020201322895,0.18768452552948778,412.9059561648731,1423.7202194357367
269.55355443647727,0.0042000020201322895,0.19188452754962007,422.14596060916415,1423.7202194357367
272.2928566861466,0.0019500024102035202,0.1938345299598236,426.4359659116119,1423.7202194357367
273.6719900110763,0.0009817490551316513,0.19481627901495524,428.5958138329015,1423.7202194357367
276.00882554560184,0.0016635009105380536,0.1964797799254933,432.25551583608524,1423.7202194357367
278.34566108012746,0.0016635009105380536,0.19814328083603133,435.9152178392689,1423.7202194357367
280.682496614653,0.0016635009105380536,0.19980678174656938,439.57491984245263,1423.7202194357367
281.8509143819158,0.0008317504552690268,0.20063853220183842,441.4047708440445,1423.7202194357367
282.27234549724955,0.00030000235272259923,0.200938534554561,442.06477602003423,1423.7202194357367
283.4407632645123,0.0008317504552690268,0.20177028500983005,443.8946270216261,1423.7202194357367
285.7775987990379,0.0016635009105380536,0.2034337859203681,447.5543290248098,1423.7202194357367
288.1144343335635,0.0016635009105380536,0.20509728683090614,451.2140310279935,1423.7202194357367
290.45126986808907,0.0016635009105380536,0.20676078774144419,454.8737330311772,1423.7202194357367
291.83040319301875,0.0009817490551316513,0.20774253679657584,457.0335809524668,1423.7202194357367
294.5697054426881,0.0019500024102035202,0.20969253920677935,461.3235862549146,1423.7202194357367
300.46974105736047,0.0042000020201322895,0.21389254122691165,470.56359069920563,1423.7202194357367
306.36977667203286,0.0042000020201322895,0.21809254324704394,479.8035951434967,1423.7202194357367
312.26981228670525,0.0042000020201322895,0.22229254526717623,489.0435995877877,1423.7202194357367
315.00911453637457,0.0019500024102035202,0.22424254767737975,493.33360489023545,1423.7202194357367
316.38824786130425,0.0009817490551316513,0.2252242967325114,495.49345281152506,1423.7202194357367
318.7250833958298,0.0016635009105380536,0.22688779764304945,499.1531548147088,1423.7202194357367
321.06191893035543,0.0016635009105380536,0.2285512985535875,502.8128568178925,1423.7202194357367
323.398754464881,0.0016635009105380536,0.23021479946412554,506.4725588210762,1423.7202194357367
324.5671722321438,0.0008317504552690268,0.23104654991939458,508.3024098226681,1423.7202194357367
324.9886033474775,0.00030000235272259923,0.23134655227211717,508.9624149986578,1423.7202194357367
326.1570211147403,0.0008317504552690268,0.2321783027273862,510.79226600024964,1423.7202194357367
328.49385664926587,0.0016635009105380536,0.23384180363792426,514.4519680034333,1423.7202194357367
330.8306921837915,0.0016635009105380536,0.2355053045484623,518.111670006617,1423.7202194357367
333.16752771831705,0.0016635009105380536,0.23716880545900035,521.7713720098008,1423.7202194357367
334.54666104324673,0.0009817490551316513,0.238150554514132,523.9312199310904,1423.7202194357367
337.28596329291605,0.0019500024102035202,0.24010055692433552,528.2212252335381,1423.7202194357367
343.18599890758844,0.0042000020201322895,0.2443005589444678,537.4612296778292,1423.7202194357367
349.08603452226083,0.0042000020201322895,0.2485005609646001,546.7012341221202,1423.7202194357367
354.9860701369332,0.0042000020201322895,0.25270056298473237,555.9412385664112,1423.7202194357367
357.72537238660254,0.0019500024102035202,0.2546505653949359,560.231243868859,1423.7202194357367
359.1045057115322,0.0009817490551316513,0.25563231445006757,562.3910917901486,1423.7202194357367
361.4413412460578,0.0016635009105380536,0.25729581536060564,566.0507937933324,1423.7202194357367
363.7781767805834,0.0016635009105380536,0.2589593162711437,569.7104957965162,1423.7202194357367
366.11501231510897,0.0016635009105380536,0.2606228171816818,573.3701977996999,1423.7202194357367
367.28343008237175,0.0008317504552690268,0.2614545676369508,575.2000488012917,1423.7202194357367
367.7048611977055,0.00030000235272259923,0.2617545699896734,575.8600539772815,1423.7202194357367
368.8732789649683,0.0008317504552690268,0.2625863204449424,577.6899049788733,1423.7202194357367
371.21011449949384,0.0016635009105380536,0.2642498213554805,581.349606982057,1423.7202194357367
373.54695003401946,0.0016635009105380536,0.26591332226601855,585.0093089852408,1423.7202194357367
375.883785568545,0.0016635009105380536,0.2675768231765566,588.6690109884246,1423.7202194357367
377.2629188934747,0.0009817490551316513,0.2685585722316883,590.8288589097142,1423.7202194357367
380.002221143144,0.0019500024102035202,0.2705085746418918,595.118864212162,1423.7202194357367
385.9022567578164,0.0042000020201322895,0.2747085766620241,604.358868656453,1423.7202194357367
391.8022923724888,0.0042000020201322895,0.27890857868215635,613.598873100744,1423.7202194357367
397.7023279871612,0.0042000020201322895,0.2831085807022886,622.838877545035,1423.7202194357367
400.4416302368305,0.0019500024102035202,0.28505858311249216,627.1288828474827,1423.7202194357367
401.8207635617602,0.0009817490551316513,0.2860403321676238,629.2887307687724,1423.7202194357367
404.15759909628576,0.0016635009105380536,0.2877038330781619,632.9484327719562,1423.7202194357367
406.4944346308114,0.0016635009105380536,0.28936733398869996,636.6081347751399,1423.7202194357367
408.83127016533695,0.0016635009105380536,0.29103083489923803,640.2678367783237,1423.7202194357367
409.9996879325997,0.0008317504552690268,0.29186258535450704,642.0976877799155,1423.7202194357367
410.4211190479335,0.00030000235272259923,0.29216258770722964,642.7576929559052,1423.7202194357367
411.58953681519625,0.0008317504552690268,0.29299433816249865,644.587543957497,1423.7202194357367
413.9263723497218,0.0016635009105380536,0.2946578390730367,648.2472459606807,1423.7202194357367
416.26320788424744,0.0016635009105380536,0.2963213399835748,651.9069479638646,1423.7202194357367
418.600043418773,0.0016635009105380536,0.29798484089411287,655.5666499670483,1423.7202194357367
419.9791767437027,0.0009817490551316513,0.2989665899492445,657.7264978883379,1423.7202194357367
422.718478993372,0.0019500024102035202,0.30091659235944807,662.0165031907858,1423.7202194357367
428.6185146080444,0.0042000020201322895,0.30511659437958033,671.2565076350767,1423.7202194357367
434.5185502227168,0.0042000020201322895,0.3093165963997126,680.4965120793677,1423.7202194357367
440.4185858373892,0.0042000020201322895,0.31351659841984486,689.7365165236587,1423.7202194357367
443.1578880870585,0.0019500024102035202,0.3154666008300484,694.0265218261065,1423.7202194357367
444.5370214119882,0.0009817490551316513,0.31644834988518006,696.1863697473962,1423.7202194357367
446.87385694651374,0.0016635009105380536,0.31811185079571813,699.8460717505799,1423.7202194357367
449.21069248103936,0.0016635009105380536,0.3197753517062562,703.5057737537636,1423.7202194357367
451.5475280155649,0.0016635009105380536,0.3214388526167943,707.1654757569474,1423.7202194357367
452.7159457828277,0.0008317504552690268,0.3222706030720633,708.9953267585392,1423.7202194357367
453.13737689816145,0.00030000235272259923,0.3225706054247859,709.6553319345289,1423.7202194357367
454.30579466542423,0.0008317504552690268,0.3234023558800549,711.4851829361207,1423.7202194357367
456.6426301999498,0.0016635009105380536,0.32506585679059297,715.1448849393046,1423.7202194357367
458.9794657344754,0.0016635009105380536,0.32672935770113104,718.8045869424883,1423.7202194357367
461.316301269001,0.0016635009105380536,0.3283928586116691,722.464288945672,1423.7202194357367
462.69543459393066,0.0009817490551316513,0.32937460766680077,724.6241368669616,1423.7202194357367
465.4347368436,0.0019500024102035202,0.3313246100770043,728.9141421694095,1423.7202194357367
471.33477245827237,0.0042000020201322895,0.3355246120971366,738.1541466137005,1423.7202194357367
477.23480807294476,0.0042000020201322895,0.33972461411726884,747.3941510579915,1423.7202194357367
483.13484368761715,0.0042000020201322895,0.3439246161374011,756.6341555022824,1423.7202194357367
485.87414593728647,0.0019500024102035202,0.34587461854760465,760.9241608047303,1423.7202194357367
487.25327926221615,0.0009817490551316513,0.3468563676027363,763.0840087260199,1423.7202194357367
489.5901147967417,0.0016635009105380536,0.3485198685132744,766.7437107292036,1423.7202194357367
491.92695033126734,0.0016635009105380536,0.35018336942381245,770.4034127323874,1423.7202194357367
494.2637858657929,0.0016635009105380536,0.3518468703343505,774.0631147355712,1423.7202194357367
495.4322036330557,0.0008317504552690268,0.35267862078961953,775.892965737163,1423.7202194357367
495.8536347483894,0.00030000235272259923,0.35297862314234213,776.5529709131526,1423.7202194357367
497.0220525156522,0.0008317504552690268,0.35381037359761114,778.3828219147445,1423.7202194357367
499.35888805017777,0.0016635009105380536,0.3554738745081492,782.0425239179283,1423.7202194357367
501.6957235847034,0.0016635009105380536,0.3571373754186873,785.702225921112,1423.7202194357367
504.03255911922895,0.0016635009105380536,0.35880087632922536,789.3619279242957,1423.7202194357367
505.41169244415863,0.0009817490551316513,0.359782625384357,791.5217758455855,1423.7202194357367
508.15099469382795,0.0019500024102035202,0.36173262779456056,795.8117811480332,1423.7202194357367
514.0510303085003,0.0042000020201322895,0.3659326298146928,805.0517855923242,1423.7202194357367
519.9510659231727,0.0042000020201322895,0.3701326318348251,814.2917900366152,1423.7202194357367
525.851101537845,0.0042000020201322895,0.37433263385495735,823.5317944809062,1423.7202194357367
528.5904037875143,0.0019500024102035202,0.3762826362651609,827.821799783354,1423.7202194357367
529.969537112444,0.0009817490551316513,0.37726438532029255,829.9816477046436,1423.7202194357367
532.3063726469695,0.0016635009105380536,0.3789278862308306,833.6413497078273,1423.7202194357367
534.6432081814951,0.0016635009105380536,0.3805913871413687,837.3010517110112,1423.7202194357367
536.9800437160206,0.0016635009105380536,0.38225488805190677,840.9607537141949,1423.7202194357367
538.1484614832834,0.0008317504552690268,0.3830866385071758,842.7906047157867,1423.7202194357367
538.5698925986171,0.00030000235272259923,0.3833866408598984,843.4506098917765,1423.7202194357367
539.7383103658799,0.0008317504552690268,0.3842183913151674,845.2804608933683,1423.7202194357367
542.0751459004055,0.0016635009105380536,0.38588189222570546,848.940162896552,1423.7202194357367
544.411981434931,0.0016635009105380536,0.38754539313624353,852.5998648997357,1423.7202194357367
546.7488169694566,0.0016635009105380536,0.3892088940467816,856.2595669029196,1423.7202194357367
548.1279502943862,0.0009817490551316513,0.39019064310191326,858.4194148242092,1423.7202194357367
550.8672525440555,0.0019500024102035202,0.3921406455121168,862.7094201266569,1423.7202194357367
556.7672881587279,0.0042000020201322895,0.39634064753224907,871.9494245709479,1423.7202194357367
562.6673237734002,0.0042000020201322895,0.40054064955238133,881.1894290152389,1423.7202194357367
568.5673593880725,0.0042000020201322895,0.4047406515725136,890.42943345953,1423.7202194357367
571.3066616377419,0.0019500024102035202,0.40669065398271714,894.7194387619777,1423.7202194357367
572.6857949626715,0.0009817490551316513,0.4076724030378488,896.8792866832673,1423.7202194357367
575.022630497197,0.0016635009105380536,0.40933590394838687,900.5389886864511,1423.7202194357367
577.3594660317226,0.0016635009105380536,0.41099940485892494,904.1986906896349,1423.7202194357367
579.6963015662482,0.0016635009105380536,0.412662905769463,907.8583926928186,1423.7202194357367
580.864719333511,0.0008317504552690268,0.413494656224732,909.6882436944104,1423.7202194357367
581.2861504488446,0.00030000235272259923,0.4137946585774546,910.3482488704002,1423.7202194357367
582.4545682161074,0.0008317504552690268,0.41462640903272363,912.178099871992,1423.7202194357367
584.791403750633,0.0016635009105380536,0.4162899099432617,915.8378018751757,1423.7202194357367
587.1282392851585,0.0016635009105380536,0.4179534108537998,919.4975038783596,1423.7202194357367
589.4650748196841,0.0016635009105380536,0.41961691176433785,923.1572058815433,1423.7202194357367
590.8442081446137,0.0009817490551316513,0.4205986608194695,925.3170538028329,1423.7202194357367
593.583510394283,0.0019500024102035202,0.42254866322967305,929.6070591052807,1423.7202194357367
599.4835460089554,0.0042000020201322895,0.4267486652498053,938.8470635495717,1423.7202194357367
605.3835816236277,0.0042000020201322895,0.4309486672699376,948.0870679938627,1423.7202194357367
611.2836172383,0.0042000020201322895,0.43514866929006984,957.3270724381537,1423.7202194357367
614.0229194879694,0.0019500024102035202,0.4370986717002734,961.6170777406014,1423.7202194357367
615.402052812899,0.0009817490551316513,0.43808042075540504,963.7769256618911,1423.7202194357367
617.7388883474246,0.0016635009105380536,0.4397439216659431,967.4366276650749,1423.7202194357367
620.0757238819501,0.0016635009105380536,0.4414074225764812,971.0963296682586,1423.7202194357367
622.4125594164757,0.0016635009105380536,0.44307092348701926,974.7560316714424,1423.7202194357367
623.5809771837385,0.0008317504552690268,0.4439026739422883,976.5858826730342,1423.7202194357367
624.0024082990722,0.00030000235272259923,0.44420267629501087,977.2458878490239,1423.7202194357367
625.1708260663349,0.0008317504552690268,0.4450344267502799,979.0757388506157,1423.7202194357367
627.5076616008605,0.0016635009105380536,0.44669792766081795,982.7354408537994,1423.7202194357367
629.8444971353861,0.0016635009105380536,0.448361428571356,986.3951428569833,1423.7202194357367
632.1813326699116,0.0016635009105380536,0.4500249294818941,990.054844860167,1423.7202194357367
633.5604659948413,0.0009817490551316513,0.45100667853702575,992.2146927814566,1423.7202194357367
636.2997682445106,0.0019500024102035202,0.4529566809472293,996.5046980839045,1423.7202194357367
642.1998038591829,0.0042000020201322895,0.45715668296736156,1005.7447025281955,1423.7202194357367
648.0998394738552,0.0042000020201322895,0.4613566849874938,1014.9847069724864,1423.7202194357367
653.9998750885276,0.0042000020201322895,0.4655566870076261,1024.2247114167774,1423.7202194357367
656.7391773381969,0.0019500024102035202,0.46750668941782964,1028.5147167192251,1423.7202194357367
658.1183106631265,0.0009817490551316513,0.4684884384729613,1030.6745646405147,1423.7202194357367
660.4551461976521,0.0016635009105380536,0.47015193938349936,1034.3342666436986,1423.7202194357367
662.7919817321776,0.0016635009105380536,0.47181544029403744,1037.9939686468824,1423.7202194357367
665.1288172667032,0.0016635009105380536,0.4734789412045755,1041.653670650066,1423.7202194357367
666.297235033966,0.0008317504552690268,0.4743106916598445,1043.4835216516578,1423.7202194357367
666.7186661492997,0.00030000235272259923,0.4746106940125671,1044.1435268276477,1423.7202194357367
667.8870839165625,0.0008317504552690268,0.4754424444678361,1045.9733778292396,1423.7202194357367
670.223919451088,0.0016635009105380536,0.4771059453783742,1049.6330798324232,1423.7202194357367
672.5607549856136,0.0016635009105380536,0.47876944628891227,1053.292781835607,1423.7202194357367
674.8975905201391,0.0016635009105380536,0.48043294719945034,1056.9524838387908,1423.7202194357367
676.2767238450688,0.0009817490551316513,0.481414696254582,1059.1123317600805,1423.7202194357367
679.0160260947381,0.0019500024102035202,0.48336469866478554,1063.4023370625282,1423.7202194357367
684.9160617094104,0.0042000020201322895,0.4875647006849178,1072.642341506819,1423.7202194357367
690.8160973240828,0.0042000020201322895,0.49176470270505007,1081.8823459511102,1423.7202194357367
696.7161329387551,0.0042000020201322895,0.49596470472518234,1091.122350395401,1423.7202194357367
699.4554351884244,0.0019500024102035202,0.4979147071353859,1095.4123556978489,1423.7202194357367
700.834568513354,0.0009817490551316513,0.49889645619051753,1097.5722036191385,1423.7202194357367
703.1714040478796,0.0016635009105380536,0.5005599571010556,1101.2319056223223,1423.7202194357367
705.5082395824052,0.0016635009105380536,0.5022234580115936,1104.891607625506,1423.7202194357367
707.8450751169307,0.0016635009105380536,0.5038869589221316,1108.5513096286895,1423.7202194357367
709.0134928841935,0.0008317504552690268,0.5047187093774007,1110.3811606302816,1423.7202194357367
709.4349239995272,0.00030000235272259923,0.5050187117301234,1111.0411658062715,1423.7202194357367
710.60334176679,0.0008317504552690268,0.5058504621853924,1112.8710168078633,1423.7202194357367
712.9401773013155,0.0016635009105380536,0.5075139630959304,1116.5307188110469,1423.7202194357367
715.2770128358411,0.0016635009105380536,0.5091774640064685,1120.1904208142307,1423.7202194357367
717.6138483703667,0.0016635009105380536,0.5108409649170065,1123.8501228174143,1423.7202194357367
718.9929816952963,0.0009817490551316513,0.5118227139721381,1126.0099707387037,1423.7202194357367
721.7322839449656,0.0019500024102035202,0.5137727163823416,1130.2999760411515,1423.7202194357367
727.632319559638,0.0042000020201322895,0.5179727184024738,1139.5399804854424,1423.7202194357367
733.5323551743103,0.0042000020201322895,0.5221727204226061,1148.7799849297335,1423.7202194357367
739.4323907889826,0.0042000020201322895,0.5263727224427384,1158.0199893740244,1423.7202194357367
742.1716930386519,0.0019500024102035202,0.5283227248529418,1162.3099946764721,1423.7202194357367
743.5508263635816,0.0009817490551316513,0.5293044739080734,1164.4698425977615,1423.7202194357367
745.8876618981071,0.0016635009105380536,0.5309679748186115,1168.1295446009453,1423.7202194357367
748.2244974326327,0.0016635009105380536,0.5326314757291495,1171.789246604129,1423.7202194357367
750.5613329671583,0.0016635009105380536,0.5342949766396875,1175.4489486073126,1423.7202194357367
751.729750734421,0.0008317504552690268,0.5351267270949566,1177.2787996089044,1423.7202194357367
752.1511818497547,0.00030000235272259923,0.5354267294476792,1177.9388047848943,1423.7202194357367
753.3195996170175,0.0008317504552690268,0.5362584799029483,1179.7686557864863,1423.7202194357367
755.6564351515431,0.0016635009105380536,0.5379219808134863,1183.42835778967,1423.7202194357367
757.9932706860686,0.0016635009105380536,0.5395854817240243,1187.0880597928535,1423.7202194357367
760.3301062205942,0.0016635009105380536,0.5412489826345623,1190.7477617960371,1423.7202194357367
761.7092395455238,0.0009817490551316513,0.5422307316896939,1192.9076097173267,1423.7202194357367
764.4485417951931,0.0019500024102035202,0.5441807340998974,1197.1976150197743,1423.7202194357367
770.3485774098655,0.0042000020201322895,0.5483807361200297,1206.4376194640654,1423.7202194357367
776.2486130245378,0.0042000020201322895,0.552580738140162,1215.6776239083563,1423.7202194357367
782.1486486392101,0.0042000020201322895,0.5567807401602942,1224.9176283526472,1423.7202194357367
784.8879508888795,0.0019500024102035202,0.5587307425704977,1229.207633655095,1423.7202194357367
786.2670842138091,0.0009817490551316513,0.5597124916256293,1231.3674815763845,1423.7202194357367
788.6039197483346,0.0016635009105380536,0.5613759925361673,1235.0271835795681,1423.7202194357367
790.9407552828602,0.0016635009105380536,0.5630394934467053,1238.6868855827518,1423.7202194357367
793.2775908173858,0.0016635009105380536,0.5647029943572434,1242.3465875859354,1423.7202194357367
794.4460085846486,0.0008317504552690268,0.5655347448125124,1244.1764385875274,1423.7202194357367
794.8674396999822,0.00030000235272259923,0.5658347471652351,1244.836443763517,1423.7202194357367
796.035857467245,0.0008317504552690268,0.5666664976205041,1246.6662947651091,1423.7202194357367
798.3726930017706,0.0016635009105380536,0.5683299985310422,1250.3259967682927,1423.7202194357367
800.7095285362961,0.0016635009105380536,0.5699934994415802,1253.9856987714763,1423.7202194357367
803.0463640708217,0.0016635009105380536,0.5716570003521182,1257.64540077466,1423.7202194357367
804.4254973957513,0.0009817490551316513,0.5726387494072498,1259.8052486959496,1423.7202194357367
807.1647996454207,0.0019500024102035202,0.5745887518174533,1264.0952539983973,1423.7202194357367
813.064835260093,0.0042000020201322895,0.5787887538375855,1273.3352584426882,1423.7202194357367
818.9648708747653,0.0042000020201322895,0.5829887558577178,1282.575262886979,1423.7202194357367
824.8649064894377,0.0042000020201322895,0.5871887578778501,1291.8152673312702,1423.7202194357367
827.604208739107,0.0019500024102035202,0.5891387602880536,1296.1052726337177,1423.7202194357367
828.9833420640366,0.0009817490551316513,0.5901205093431852,1298.2651205550073,1423.7202194357367
831.3201775985622,0.0016635009105380536,0.5917840102537232,1301.924822558191,1423.7202194357367
833.6570131330877,0.0016635009105380536,0.5934475111642612,1305.5845245613746,1423.7202194357367
835.9938486676133,0.0016635009105380536,0.5951110120747992,1309.2442265645582,1423.7202194357367
837.1622664348761,0.0008317504552690268,0.5959427625300683,1311.0740775661502,1423.7202194357367
837.5836975502098,0.00030000235272259923,0.5962427648827909,1311.7340827421401,1423.7202194357367
838.7521153174725,0.0008317504552690268,0.59707451533806,1313.563933743732,1423.7202194357367
841.0889508519981,0.0016635009105380536,0.598738016248598,1317.2236357469155,1423.7202194357367
843.4257863865237,0.0016635009105380536,0.600401517159136,1320.8833377500994,1423.7202194357367
845.7626219210492,0.0016635009105380536,0.602065018069674,1324.543039753283,1423.7202194357367
847.1417552459789,0.0009817490551316513,0.6030467671248056,1326.7028876745724,1423.7202194357367
849.8810574956482,0.0019500024102035202,0.6049967695350091,1330.9928929770201,1423.7202194357367
855.7810931103205,0.0042000020201322895,0.6091967715551414,1340.232897421311,1423.7202194357367
861.6811287249928,0.0042000020201322895,0.6133967735752737,1349.4729018656021,1423.7202194357367
867.5811643396652,0.0042000020201322895,0.6175967755954059,1358.712906309893,1423.7202194357367
870.3204665893345,0.0019500024102035202,0.6195467780056094,1363.0029116123408,1423.7202194357367
871.6995999142641,0.0009817490551316513,0.620528527060741,1365.1627595336302,1423.7202194357367
874.0364354487897,0.0016635009105380536,0.622192027971279,1368.822461536814,1423.7202194357367
876.3732709833153,0.0016635009105380536,0.6238555288818171,1372.4821635399976,1423.7202194357367
878.7101065178408,0.0016635009105380536,0.6255190297923551,1376.1418655431812,1423.7202194357367
879.8785242851036,0.0008317504552690268,0.6263507802476241,1377.971716544773,1423.7202194357367
880.2999554004373,0.00030000235272259923,0.6266507826003468,1378.631721720763,1423.7202194357367
881.4683731677001,0.0008317504552690268,0.6274825330556159,1380.461572722355,1423.7202194357367
883.8052087022256,0.0016635009105380536,0.6291460339661539,1384.1212747255386,1423.7202194357367
886.1420442367512,0.0016635009105380536,0.6308095348766919,1387.7809767287222,1423.7202194357367
888.4788797712768,0.0016635009105380536,0.6324730357872299,1391.4406787319058,1423.7202194357367
889.8580130962064,0.0009817490551316513,0.6334547848423615,1393.6005266531954,1423.7202194357367
892.5973153458757,0.0019500024102035202,0.635404787252565,1397.890531955643,1423.7202194357367
898.497350960548,0.0042000020201322895,0.6396047892726973,1407.130536399934,1423.7202194357367
904.3973865752204,0.0042000020201322895,0.6438047912928295,1416.370540844225,1423.7202194357367
910.2974221898927,0.0042000020201322895,0.6480047933129618,1425.610545288516,1423.7202194357367
913.036724439562,0.0019500024102035202,0.6499547957231653,1429.9005505909636,1423.7202194357367
914.4158577644916,0.0009817490551316513,0.6509365447782969,1432.0603985122532,1423.7202194357367
916.7526932990172,0.0016635009105380536,0.6526000456888349,1435.7201005154368,1423.7202194357367
919.0895288335428,0.0016635009105380536,0.6542635465993729,1439.3798025186204,1423.7202194357367
921.4263643680683,0.0016635009105380536,0.6559270475099109,1443.039504521804,1423.7202194357367
922.5947821353311,0.0008317504552690268,0.65675879796518,1444.869355523396,1423.7202194357367
923.0162132506648,0.00030000235272259923,0.6570588003179026,1445.5293606993857,1423.7202194357367
924.1846310179276,0.0008317504552690268,0.6578905507731717,1447.3592117009778,1423.7202194357367
926.5214665524531,0.0016635009105380536,0.6595540516837097,1451.0189137041614,1423.7202194357367
928.8583020869787,0.0016635009105380536,0.6612175525942477,1454.678615707345,1423.7202194357367
931.1951376215043,0.0016635009105380536,0.6628810535047858,1458.3383177105286,1423.7202194357367
932.5742709464339,0.0009817490551316513,0.6638628025599174,1460.4981656318182,1423.7202194357367
935.3135731961032,0.0019500024102035202,0.6658128049701209,1464.788170934266,1423.7202194357367
941.2136088107756,0.0042000020201322895,0.6700128069902531,1474.0281753785569,1423.7202194357367
947.1136444254479,0.0042000020201322895,0.6742128090103854,1483.2681798228477,1423.7202194357367
953.0136800401202,0.0042000020201322895,0.6784128110305176,1492.5081842671389,1423.7202194357367
955.7529822897895,0.0019500024102035202,0.6803628134407211,1496.7981895695866,1423.7202194357367
957.1321156147192,0.0009817490551316513,0.6813445624958527,1498.958037490876,1423.7202194357367
959.4689511492447,0.0016635009105380536,0.6830080634063908,1502.6177394940596,1423.7202194357367
961.8057866837703,0.0016635009105380536,0.6846715643169288,1506.2774414972432,1423.7202194357367
964.1426222182959,0.0016635009105380536,0.6863350652274668,1509.9371435004268,1423.7202194357367
965.3110399855586,0.0008317504552690268,0.6871668156827359,1511.7669945020189,1423.7202194357367
965.7324711008923,0.00030000235272259923,0.6874668180354585,1512.4269996780088,1423.7202194357367
966.9008888681551,0.0008317504552690268,0.6882985684907276,1514.2568506796006,1423.7202194357367
969.2377244026807,0.0016635009105380536,0.6899620694012656,1517.9165526827842,1423.7202194357367
971.5745599372062,0.0016635009105380536,0.6916255703118036,1521.576254685968,1423.7202194357367
973.9113954717318,0.0016635009105380536,0.6932890712223416,1525.2359566891516,1423.7202194357367
975.2905287966614,0.0009817490551316513,0.6942708202774732,1527.395804610441,1423.7202194357367
978.0298310463307,0.0019500024102035202,0.6962208226876767,1531.6858099128888,1423.7202194357367
983.9298666610031,0.0042000020201322895,0.700420824707809,1540.9258143571797,1423.7202194357367
989.8299022756754,0.0042000020201322895,0.7046208267279412,1550.1658188014708,1423.7202194357367
995.7299378903477,0.0042000020201322895,0.7088208287480735,1559.4058232457617,1423.7202194357367
998.4692401400171,0.0019500024102035202,0.710770831158277,1563.6958285482094,1423.7202194357367
999.8483734649467,0.0009817490551316513,0.7117525802134086,1565.8556764694988,1423.7202194357367
1002.1852089994723,0.0016635009105380536,0.7134160811239466,1569.5153784726826,1423.7202194357367
1004.5220445339978,0.0016635009105380536,0.7150795820344846,1573.1750804758663,1423.7202194357367
1006.8588800685234,0.0016635009105380536,0.7167430829450226,1576.8347824790499,1423.7202194357367
1008.0272978357862,0.0008317504552690268,0.7175748334002917,1578.6646334806417,1423.7202194357367
1008.4487289511198,0.00030000235272259923,0.7178748357530144,1579.3246386566316,1423.7202194357367
1009.6171467183826,0.0008317504552690268,0.7187065862082834,1581.1544896582236,1423.7202194357367
1011.9539822529082,0.0016635009105380536,0.7203700871188214,1584.8141916614072,1423.7202194357367
1014.2908177874338,0.0016635009105380536,0.7220335880293595,1588.4738936645908,1423.7202194357367
1016.6276533219593,0.0016635009105380536,0.7236970889398975,1592.1335956677744,1423.7202194357367
1018.0067866468889,0.0009817490551316513,0.7246788379950291,1594.293443589064,1423.7202194357367
1020.7460888965583,0.0019500024102035202,0.7266288404052326,1598.5834488915116,1423.7202194357367
1026.6461245112307,0.0042000020201322895,0.7308288424253648,1607.8234533358027,1423.7202194357367
1032.546160125903,0.0042000020201322895,0.7350288444454971,1617.0634577800936,1423.7202194357367
1038.4461957405754,0.0042000020201322895,0.7392288464656294,1626.3034622243847,1423.7202194357367
1041.1854979902446,0.0019500024102035202,0.7411788488758329,1630.5934675268322,1423.7202194357367
1042.5646313151742,0.0009817490551316513,0.7421605979309644,1632.7533154481218,1423.7202194357367
1044.9014668496998,0.0016635009105380536,0.7438240988415025,1636.4130174513054,1423.7202194357367
1047.2383023842253,0.0016635009105380536,0.7454875997520405,1640.072719454489,1423.7202194357367
1049.575137918751,0.0016635009105380536,0.7471511006625785,1643.7324214576727,1423.7202194357367
1050.7435556860137,0.0008317504552690268,0.7479828511178476,1645.5622724592647,1423.7202194357367
1051.1649868013474,0.00030000235272259923,0.7482828534705702,1646.2222776352544,1423.7202194357367
1052.3334045686101,0.0008317504552690268,0.7491146039258393,1648.0521286368464,1423.7202194357367
1054.6702401031357,0.0016635009105380536,0.7507781048363773,1651.71183064003,1423.7202194357367
1057.0070756376613,0.0016635009105380536,0.7524416057469153,1655.3715326432136,1423.7202194357367
1059.3439111721868,0.0016635009105380536,0.7541051066574533,1659.0312346463973,1423.7202194357367
1060.7230444971165,0.0009817490551316513,0.7550868557125849,1661.1910825676869,1423.7202194357367
1063.4623467467857,0.0019500024102035202,0.7570368581227884,1665.4810878701346,1423.7202194357367
1069.362382361458,0.0042000020201322895,0.7612368601429207,1674.7210923144255,1423.7202194357367
1075.2624179761303,0.0042000020201322895,0.765436862163053,1683.9610967587164,1423.7202194357367
1081.1624535908027,0.0042000020201322895,0.7696368641831852,1693.2011012030075,1423.7202194357367
1083.9017558404719,0.0019500024102035202,0.7715868665933887,1697.4911065054553,1423.7202194357367
1085.2808891654015,0.0009817490551316513,0.7725686156485203,1699.6509544267446,1423.7202194357367
1087.617724699927,0.0016635009105380536,0.7742321165590583,1703.3106564299283,1423.7202194357367
1089.9545602344526,0.0016635009105380536,0.7758956174695963,1706.9703584331119,1423.7202194357367
1092.2913957689782,0.0016635009105380536,0.7775591183801344,1710.6300604362957,1423.7202194357367
1093.459813536241,0.0008317504552690268,0.7783908688354034,1712.4599114378875,1423.7202194357367
1093.8812446515747,0.00030000235272259923,0.7786908711881261,1713.1199166138774,1423.7202194357367
1095.0496624188374,0.0008317504552690268,0.7795226216433951,1714.9497676154692,1423.7202194357367
1097.386497953363,0.0016635009105380536,0.7811861225539332,1718.6094696186528,1423.7202194357367
1099.7233334878886,0.0016635009105380536,0.7828496234644712,1722.2691716218367,1423.7202194357367
1102.0601690224141,0.0016635009105380536,0.7845131243750092,1725.9288736250203,1423.7202194357367
1103.4393023473438,0.0009817490551316513,0.7854948734301408,1728.0887215463097,1423.7202194357367
1106.178604597013,0.0019500024102035202,0.7874448758403443,1732.3787268487574,1423.7202194357367
1112.0786402116853,0.0042000020201322895,0.7916448778604765,1741.6187312930483,1423.7202194357367
1117.9786758263576,0.0042000020201322895,0.7958448798806088,1750.8587357373394,1423.7202194357367
1123.87871144103,0.0042000020201322895,0.8000448819007411,1760.0987401816303,1423.7202194357367
1126.6180136906992,0.0019500024102035202,0.8019948843109446,1764.388745484078,1423.7202194357367
1127.9971470156288,0.0009817490551316513,0.8029766333660762,1766.5485934053675,1423.7202194357367
1130.3339825501544,0.0016635009105380536,0.8046401342766142,1770.2082954085513,1423.7202194357367
1132.67081808468,0.0016635009105380536,0.8063036351871522,1773.867997411735,1423.7202194357367
1135.0076536192055,0.0016635009105380536,0.8079671360976902,1777.5276994149185,1423.7202194357367
1136.1760713864683,0.0008317504552690268,0.8087988865529593,1779.3575504165103,1423.7202194357367
1136.597502501802,0.00030000235272259923,0.8090988889056819,1780.0175555925002,1423.7202194357367
1137.7659202690647,0.0008317504552690268,0.809930639360951,1781.8474065940923,1423.7202194357367
1140.1027558035903,0.0016635009105380536,0.811594140271489,1785.5071085972759,1423.7202194357367
1142.4395913381159,0.0016635009105380536,0.813257641182027,1789.1668106004595,1423.7202194357367
1144.7764268726414,0.0016635009105380536,0.814921142092565,1792.826512603643,1423.7202194357367
1146.155560197571,0.0009817490551316513,0.8159028911476967,1794.9863605249327,1423.7202194357367
1148.8948624472403,0.0019500024102035202,0.8178528935579001,1799.2763658273802,1423.7202194357367
1154.7948980619126,0.0042000020201322895,0.8220528955780324,1808.5163702716713,1423.7202194357367
1160.694933676585,0.0042000020201322895,0.8262528975981647,1817.7563747159622,1423.7202194357367
1166.5949692912573,0.0042000020201322895,0.8304528996182969,1826.9963791602534,1423.7202194357367
1169.3342715409265,0.0019500024102035202,0.8324029020285004,1831.2863844627009,1423.7202194357367
1170.713404865856,0.0009817490551316513,0.833384651083632,1833.4462323839905,1423.7202194357367
1173.0502404003817,0.0016635009105380536,0.83504815199417,1837.105934387174,1423.7202194357367
1175.3870759349072,0.0016635009105380536,0.8367116529047081,1840.7656363903577,1423.7202194357367
1177.7239114694328,0.0016635009105380536,0.8383751538152461,1844.4253383935413,1423.7202194357367
1178.8923292366956,0.0008317504552690268,0.8392069042705151,1846.2551893951334,1423.7202194357367
1179.3137603520292,0.00030000235272259923,0.8395069066232378,1846.915194571123,1423.7202194357367
1180.482178119292,0.0008317504552690268,0.8403386570785069,1848.745045572715,1423.7202194357367
1182.8190136538176,0.0016635009105380536,0.8420021579890449,1852.4047475758987,1423.7202194357367
1185.1558491883432,0.0016635009105380536,0.8436656588995829,1856.0644495790823,1423.7202194357367
1187.4926847228687,0.0016635009105380536,0.8453291598101209,1859.724151582266,1423.7202194357367
1188.8718180477983,0.0009817490551316513,0.8463109088652525,1861.8839995035555,1423.7202194357367
1191.6111202974676,0.0019500024102035202,0.848260911275456,1866.1740048060033,1423.7202194357367
1197.5111559121399,0.0042000020201322895,0.8524609132955883,1875.4140092502942,1423.7202194357367
1203.4111915268122,0.0042000020201322895,0.8566609153157205,1884.6540136945853,1423.7202194357367
1209.3112271414846,0.0042000020201322895,0.8608609173358528,1893.8940181388762,1423.7202194357367
1212.0505293911538,0.0019500024102035202,0.8628109197460563,1898.184023441324,1423.7202194357367
1213.4296627160834,0.0009817490551316513,0.8637926688011879,1900.3438713626133,1423.7202194357367
1215.766498250609,0.0016635009105380536,0.8654561697117259,1904.003573365797,1423.7202194357367
1218.1033337851345,0.0016635009105380536,0.8671196706222639,1907.6632753689805,1423.7202194357367
1220.44016931966,0.0016635009105380536,0.8687831715328019,1911.3229773721644,1423.7202194357367
1221.6085870869229,0.0008317504552690268,0.869614921988071,1913.1528283737562,1423.7202194357367
1222.0300182022565,0.00030000235272259923,0.8699149243407936,1913.812833549746,1423.7202194357367
1223.1984359695193,0.0008317504552690268,0.8707466747960627,1915.6426845513379,1423.7202194357367
1225.5352715040449,0.0016635009105380536,0.8724101757066007,1919.3023865545217,1423.7202194357367
1227.8721070385704,0.0016635009105380536,0.8740736766171388,1922.9620885577053,1423.7202194357367
1230.208942573096,0.0016635009105380536,0.8757371775276768,1926.621790560889,1423.7202194357367
1231.5880758980256,0.0009817490551316513,0.8767189265828084,1928.7816384821783,1423.7202194357367
1234.3273781476948,0.0019500024102035202,0.8786689289930119,1933.071643784626,1423.7202194357367
1240.2274137623672,0.0042000020201322895,0.8828689310131441,1942.311648228917,1423.7202194357367
1246.1274493770395,0.0042000020201322895,0.8870689330332764,1951.551652673208,1423.7202194357367
1252.0274849917118,0.0042000020201322895,0.8912689350534087,1960.791657117499,1423.7202194357367
1254.766787241381,0.0019500024102035202,0.8932189374636121,1965.0816624199467,1423.7202194357367
1256.1459205663107,0.0009817490551316513,0.8942006865187437,1967.2415103412363,1423.7202194357367
1258.4827561008362,0.0016635009105380536,0.8958641874292818,1970.90121234442,1423.7202194357367
1260.8195916353618,0.0016635009105380536,0.8975276883398198,1974.5609143476036,1423.7202194357367
1263.1564271698874,0.0016635009105380536,0.8991911892503578,1978.2206163507872,1423.7202194357367
1264.3248449371501,0.0008317504552690268,0.9000229397056269,1980.050467352379,1423.7202194357367
1264.7462760524838,0.00030000235272259923,0.9003229420583495,1980.7104725283689,1423.7202194357367
1265.9146938197466,0.0008317504552690268,0.9011546925136186,1982.540323529961,1423.7202194357367
1268.2515293542722,0.0016635009105380536,0.9028181934241566,1986.2000255331445,1423.7202194357367
1270.5883648887977,0.0016635009105380536,0.9044816943346946,1989.8597275363281,1423.7202194357367
1272.9252004233233,0.0016635009105380536,0.9061451952452326,1993.5194295395117,1423.7202194357367
1274.304333748253,0.0009817490551316513,0.9071269443003642,1995.6792774608014,1423.7202194357367
1277.0436359979221,0.0019500024102035202,0.9090769467105677,1999.9692827632489,1423.7202194357367
1282.9436716125945,0.0042000020201322895,0.9132769487307,2009.20928720754,1423.7202194357367
1288.8437072272668,0.0042000020201322895,0.9174769507508322,2018.449291651831,1423.7202194357367
1294.7437428419391,0.0042000020201322895,0.9216769527709645,2027.689296096122,1423.7202194357367
1297.4830450916083,0.0019500024102035202,0.923626955181168,2031.9793013985695,1423.7202194357367
1298.862178416538,0.0009817490551316513,0.9246087042362996,2034.1391493198591,1423.7202194357367
1301.1990139510635,0.0016635009105380536,0.9262722051468376,2037.7988513230428,1423.7202194357367
1303.535849485589,0.0016635009105380536,0.9279357060573756,2041.4585533262264,1423.7202194357367
1305.8726850201147,0.0016635009105380536,0.9295992069679136,2045.11825532941,1423.7202194357367
1307.0411027873774,0.0008317504552690268,0.9304309574231827,2046.948106331002,1423.7202194357367
1307.4625339027111,0.00030000235272259923,0.9307309597759054,2047.6081115069917,1423.7202194357367
1308.630951669974,0.0008317504552690268,0.9315627102311744,2049.437962508584,1423.7202194357367
1310.9677872044995,0.0016635009105380536,0.9332262111417124,2053.0976645117676,1423.7202194357367
1313.304622739025,0.0016635009105380536,0.9348897120522505,2056.757366514951,1423.7202194357367
1315.6414582735506,0.0016635009105380536,0.9365532129627885,2060.417068518135,1423.7202194357367
1317.0205915984802,0.0009817490551316513,0.9375349620179201,2062.576916439424,1423.7202194357367
1319.7598938481494,0.0019500024102035202,0.9394849644281236,2066.866921741872,1423.7202194357367
1325.6599294628218,0.0042000020201322895,0.9436849664482558,2076.106926186163,1423.7202194357367
1331.559965077494,0.0042000020201322895,0.9478849684683881,2085.3469306304537,1423.7202194357367
1337.4600006921664,0.0042000020201322895,0.9520849704885204,2094.586935074745,1423.7202194357367
1340.1993029418356,0.0019500024102035202,0.9540349728987239,2098.8769403771926,1423.7202194357367
1341.5784362667653,0.0009817490551316513,0.9550167219538555,2101.036788298482,1423.7202194357367
1343.9152718012908,0.0016635009105380536,0.9566802228643935,2104.6964903016656,1423.7202194357367
1346.2521073358164,0.0016635009105380536,0.9583437237749315,2108.356192304849,1423.7202194357367
1348.588942870342,0.0016635009105380536,0.9600072246854695,2112.015894308033,1423.7202194357367
1349.7573606376047,0.0008317504552690268,0.9608389751407386,2113.845745309625,1423.7202194357367
1350.1787917529384,0.00030000235272259923,0.9611389774934612,2114.5057504856145,1423.7202194357367
1351.3472095202012,0.0008317504552690268,0.9619707279487303,2116.3356014872065,1423.7202194357367
1353.6840450547268,0.0016635009105380536,0.9636342288592683,2119.99530349039,1423.7202194357367
1356.0208805892523,0.0016635009105380536,0.9652977297698063,2123.6550054935738,1423.7202194357367
1358.357716123778,0.0016635009105380536,0.9669612306803443,2127.3147074967574,1423.7202194357367
1359.7368494487075,0.0009817490551316513,0.9679429797354759,2129.474555418047,1423.7202194357367
1362.4761516983767,0.0019500024102035202,0.9698929821456794,2133.764560720495,1423.7202194357367
1368.376187313049,0.0042000020201322895,0.9740929841658117,2143.0045651647856,1423.7202194357367
1374.2762229277214,0.0042000020201322895,0.978292986185944,2152.2445696090767,1423.7202194357367
1380.1762585423937,0.0042000020201322895,0.9824929882060762,2161.484574053368,1423.7202194357367
1382.915560792063,0.0019500024102035202,0.9844429906162797,2165.774579355815,1423.7202194357367
1384.2946941169926,0.0009817490551316513,0.9854247396714113,2167.934427277105,1423.7202194357367
1386.6315296515181,0.0016635009105380536,0.9870882405819493,2171.5941292802886,1423.7202194357367
1388.9683651860437,0.0016635009105380536,0.9887517414924873,2175.253831283472,1423.7202194357367
1391.3052007205692,0.0016635009105380536,0.9904152424030254,2178.913533286656,1423.7202194357367
1392.473618487832,0.0008317504552690268,0.9912469928582944,2180.743384288248,1423.7202194357367
1392.8950496031657,0.00030000235272259923,0.9915469952110171,2181.4033894642375,1423.7202194357367
1394.0634673704285,0.0008317504552690268,0.9923787456662861,2183.2332404658296,1423.7202194357367
1396.400302904954,0.0016635009105380536,0.9940422465768242,2186.892942469013,1423.7202194357367
1398.7371384394796,0.0016635009105380536,0.9957057474873622,2190.552644472197,1423.7202194357367
1401.0739739740052,0.0016635009105380536,0.9973692483979002,2194.2123464753804,1423.7202194357367
1402.4531072989348,0.0009817490551316513,0.9983509974530318,2196.37219439667,1423.7202194357367
1405.192409548604,0.0019500024102035202,1.0003009998632353,2200.6621996991175,1423.7202194357367
1411.0924451632764,0.0042000020201322895,1.0045010018833676,2209.9022041434087,1423.7202194357367
1416.9924807779487,0.0042000020201322895,1.0087010039034998,2219.1422085876998,1423.7202194357367
1422.892516392621,0.0042000020201322895,1.012901005923632,2228.3822130319904,1423.7202194357367
1425.6318186422902,0.0019500024102035202,1.0148510083338356,2232.672218334438,1423.7202194357367
1427.0109519672199,0.0009817490551316513,1.0158327573889672,2234.8320662557276,1423.7202194357367
1429.3477875017454,0.0016635009105380536,1.0174962582995053,2238.4917682589116,1423.7202194357367
1431.684623036271,0.0016635009105380536,1.0191597592100434,2242.1514702620957,1423.7202194357367
1434.0214585707965,0.0016635009105380536,1.0208232601205816,2245.8111722652793,1423.7202194357367
1435.1898763380593,0.0008317504552690268,1.0216550105758506,2247.6410232668713,1423.7202194357367
1435.611307453393,0.00030000235272259923,1.0219550129285733,2248.301028442861,1423.7202194357367
1436.7797252206558,0.0008317504552690268,1.0227867633838423,2250.130879444453,1423.7202194357367
1439.1165607551814,0.0016635009105380536,1.0244502642943805,2253.790581447637,1423.7202194357367
1441.453396289707,0.0016635009105380536,1.0261137652049186,2257.4502834508207,1423.7202194357367
1443.7902318242325,0.0016635009105380536,1.0277772661154567,2261.109985454005,1423.7202194357367
1445.169365149162,0.0009817490551316513,1.0287590151705883,2263.269833375294,1423.7202194357367
1447.9086673988313,0.0019500024102035202,1.0307090175807918,2267.559838677742,1423.7202194357367
1453.8087030135036,0.0042000020201322895,1.034909019600924,2276.799843122033,1423.7202194357367
1459.708738628176,0.0042000020201322895,1.0391090216210563,2286.039847566324,1423.7202194357367
1465.6087742428483,0.0042000020201322895,1.0433090236411886,2295.279852010615,1423.7202194357367
1468.3480764925175,0.0019500024102035202,1.045259026051392,2299.5698573130626,1423.7202194357367
1469.7272098174471,0.0009817490551316513,1.0462407751065237,2301.729705234352,1423.7202194357367
1472.0640453519727,0.0016635009105380536,1.0479042760170618,2305.389407237536,1423.7202194357367
1474.4008808864983,0.0016635009105380536,1.0495677769276,2309.04910924072,1423.7202194357367
1476.7377164210238,0.0016635009105380536,1.051231277838138,2312.7088112439037,1423.7202194357367
1477.9061341882866,0.0008317504552690268,1.0520630282934071,2314.5386622454957,1423.7202194357367
1478.3275653036203,0.00030000235272259923,1.0523630306461298,2315.1986674214854,1423.7202194357367
1479.495983070883,0.0008317504552690268,1.0531947811013989,2317.0285184230775,1423.7202194357367
1481.8328186054086,0.0016635009105380536,1.054858282011937,2320.6882204262615,1423.7202194357367
1484.1696541399342,0.0016635009105380536,1.0565217829224751,2324.347922429445,1423.7202194357367
1486.5064896744598,0.0016635009105380536,1.0581852838330132,2328.007624432629,1423.7202194357367
1487.8856229993894,0.0009817490551316513,1.0591670328881448,2330.1674723539186,1423.7202194357367
1490.6249252490586,0.0019500024102035202,1.0611170352983483,2334.4574776563663,1423.7202194357367
1496.524960863731,0.0042000020201322895,1.0653170373184806,2343.6974821006575,1423.7202194357367
1502.4249964784033,0.0042000020201322895,1.0695170393386129,2352.937486544948,1423.7202194357367
1508.3250320930756,0.0042000020201322895,1.0737170413587451,2362.1774909892392,1423.7202194357367
1511.0643343427448,0.0019500024102035202,1.0756670437689486,2366.467496291687,1423.7202194357367
1512.4434676676744,0.0009817490551316513,1.0766487928240802,2368.6273442129764,1423.7202194357367
1514.7803032022,0.0016635009105380536,1.0783122937346183,2372.2870462161604,1423.7202194357367
1517.1171387367256,0.0016635009105380536,1.0799757946451565,2375.946748219344,1423.7202194357367
1519.4539742712511,0.0016635009105380536,1.0816392955556946,2379.606450222528,1423.7202194357367
1520.622392038514,0.0008317504552690268,1.0824710460109637,2381.43630122412,1423.7202194357367
1521.0438231538476,0.00030000235272259923,1.0827710483636863,2382.09630640011,1423.7202194357367
1522.2122409211104,0.0008317504552690268,1.0836027988189554,2383.926157401702,1423.7202194357367
1524.549076455636,0.0016635009105380536,1.0852662997294935,2387.585859404886,1423.7202194357367
1526.8859119901615,0.0016635009105380536,1.0869298006400316,2391.2455614080695,1423.7202194357367
1529.222747524687,0.0016635009105380536,1.0885933015505698,2394.9052634112536,1423.7202194357367
1530.6018808496167,0.0009817490551316513,1.0895750506057014,2397.065111332543,1423.7202194357367
1533.341183099286,0.0019500024102035202,1.0915250530159049,2401.3551166349907,1423.7202194357367
1539.2412187139582,0.0042000020201322895,1.0957250550360371,2410.595121079282,1423.7202194357367
1545.1412543286306,0.0042000020201322895,1.0999250570561694,2419.8351255235725,1423.7202194357367
1551.041289943303,0.0042000020201322895,1.1041250590763017,2429.0751299678636,1423.7202194357367
1553.780592192972,0.0019500024102035202,1.1060750614865051,2433.3651352703114,1423.7202194357367
1555.1597255179017,0.0009817490551316513,1.1070568105416367,2435.5249831916008,1423.7202194357367
1557.4965610524273,0.0016635009105380536,1.1087203114521749,2439.184685194785,1423.7202194357367
1559.8333965869529,0.0016635009105380536,1.110383812362713,2442.8443871979684,1423.7202194357367
1562.1702321214784,0.0016635009105380536,1.1120473132732511,2446.5040892011525,1423.7202194357367
1563.3386498887412,0.0008317504552690268,1.1128790637285202,2448.3339402027445,1423.7202194357367
1563.760081004075,0.00030000235272259923,1.1131790660812428,2448.993945378734,1423.7202194357367
1564.9284987713377,0.0008317504552690268,1.114010816536512,2450.8237963803263,1423.7202194357367
1567.2653343058632,0.0016635009105380536,1.11567431744705,2454.48349838351,1423.7202194357367
1569.6021698403888,0.0016635009105380536,1.1173378183575882,2458.143200386694,1423.7202194357367
1571.9390053749144,0.0016635009105380536,1.1190013192681263,2461.802902389878,1423.7202194357367
1573.318138699844,0.0009817490551316513,1.119983068323258,2463.9627503111674,1423.7202194357367
1576.0574409495132,0.0019500024102035202,1.1219330707334614,2468.252755613615,1423.7202194357367
1581.9574765641855,0.0042000020201322895,1.1261330727535936,2477.492760057906,1423.7202194357367
1587.8575121788579,0.0042000020201322895,1.130333074773726,2486.732764502197,1423.7202194357367
1593.7575477935302,0.0042000020201322895,1.1345330767938582,2495.972768946488,1423.7202194357367
1596.4968500431994,0.0019500024102035202,1.1364830792040617,2500.262774248936,1423.7202194357367
1597.875983368129,0.0009817490551316513,1.1374648282591933,2502.422622170225,1423.7202194357367
1600.2128189026546,0.0016635009105380536,1.1391283291697314,2506.0823241734092,1423.7202194357367
1602.5496544371802,0.0016635009105380536,1.1407918300802695,2509.742026176593,1423.7202194357367
1604.8864899717057,0.0016635009105380536,1.1424553309908076,2513.401728179777,1423.7202194357367
1606.0549077389685,0.0008317504552690268,1.1432870814460767,2515.231579181369,1423.7202194357367
1606.4763388543022,0.00030000235272259923,1.1435870837987994,2515.8915843573586,1423.7202194357367
1607.644756621565,0.0008317504552690268,1.1444188342540684,2517.7214353589507,1423.7202194357367
1609.9815921560905,0.0016635009105380536,1.1460823351646066,2521.3811373621343,1423.7202194357367
1612.318427690616,0.0016635009105380536,1.1477458360751447,2525.0408393653183,1423.7202194357367
1614.6552632251417,0.0016635009105380536,1.1494093369856828,2528.7005413685024,1423.7202194357367
1616.0343965500713,0.0009817490551316513,1.1503910860408144,2530.860389289792,1423.7202194357367
1618.7736987997405,0.0019500024102035202,1.152341088451018,2535.1503945922395,1423.7202194357367
1624.6737344144128,0.0042000020201322895,1.1565410904711502,2544.39039903653,1423.7202194357367
1630.5737700290852,0.0042000020201322895,1.1607410924912824,2553.6304034808213,1423.7202194357367
1636.4738056437575,0.0042000020201322895,1.1649410945114147,2562.8704079251124,1423.7202194357367
1639.2131078934267,0.0019500024102035202,1.1668910969216182,2567.16041322756,1423.7202194357367
1640.5922412183563,0.0009817490551316513,1.1678728459767498,2569.3202611488496,1423.7202194357367
1642.9290767528819,0.0016635009105380536,1.169536346887288,2572.9799631520336,1423.7202194357367
1645.2659122874074,0.0016635009105380536,1.171199847797826,2576.6396651552172,1423.7202194357367
1647.602747821933,0.0016635009105380536,1.1728633487083642,2580.2993671584013,1423.7202194357367
1648.7711655891958,0.0008317504552690268,1.1736950991636332,2582.1292181599933,1423.7202194357367
1649.1925967045295,0.00030000235272259923,1.1739951015163559,2582.789223335983,1423.7202194357367
1650.3610144717923,0.0008317504552690268,1.174826851971625,2584.619074337575,1423.7202194357367
1652.6978500063178,0.0016635009105380536,1.176490352882163,2588.2787763407587,1423.7202194357367
1655.0346855408434,0.0016635009105380536,1.1781538537927012,2591.9384783439427,1423.7202194357367
1657.371521075369,0.0016635009105380536,1.1798173547032393,2595.5981803471263,1423.7202194357367
1658.7506544002986,0.0009817490551316513,1.180799103758371,2597.758028268416,1423.7202194357367
1661.4899566499678,0.0019500024102035202,1.1827491061685744,2602.048033570864,1423.7202194357367
1667.3899922646401,0.0042000020201322895,1.1869491081887067,2611.2880380151546,1423.7202194357367
1673.2900278793124,0.0042000020201322895,1.191149110208839,2620.5280424594457,1423.7202194357367
1679.1900634939848,0.0042000020201322895,1.1953491122289712,2629.768046903737,1423.7202194357367
1681.929365743654,0.0019500024102035202,1.1972991146391747,2634.0580522061846,1423.7202194357367
1683.3084990685836,0.0009817490551316513,1.1982808636943063,2636.217900127474,1423.7202194357367
1685.6453346031092,0.0016635009105380536,1.1999443646048444,2639.8776021306576,1423.7202194357367
1687.9821701376347,0.0016635009105380536,1.2016078655153826,2643.5373041338416,1423.7202194357367
1690.3190056721603,0.0016635009105380536,1.2032713664259207,2647.1970061370257,1423.7202194357367
1691.487423439423,0.0008317504552690268,1.2041031168811898,2649.0268571386173,1423.7202194357367
1691.9088545547568,0.00030000235272259923,1.2044031192339124,2649.6868623146074,1423.7202194357367
1693.0772723220196,0.0008317504552690268,1.2052348696891815,2651.5167133161995,1423.7202194357367
1695.4141078565451,0.0016635009105380536,1.2068983705997196,2655.176415319383,1423.7202194357367
1697.7509433910707,0.0016635009105380536,1.2085618715102577,2658.836117322567,1423.7202194357367
1700.0877789255962,0.0016635009105380536,1.2102253724207959,2662.4958193257507,1423.7202194357367
1701.4669122505259,0.0009817490551316513,1.2112071214759275,2664.6556672470406,1423.7202194357367
1704.206214500195,0.0019500024102035202,1.213157123886131,2668.945672549488,1423.7202194357367
1710.1062501148674,0.0042000020201322895,1.2173571259062632,2678.185676993779,1423.7202194357367
1716.0062857295397,0.0042000020201322895,1.2215571279263955,2687.42568143807,1423.7202194357367
1721.906321344212,0.0042000020201322895,1.2257571299465277,2696.6656858823612,1423.7202194357367
1724.6456235938813,0.0019500024102035202,1.2277071323567312,2700.9556911848085,1423.7202194357367
1726.024756918811,0.0009817490551316513,1.2286888814118628,2703.1155391060984,1423.7202194357367
1728.3615924533365,0.0016635009105380536,1.230352382322401,2706.775241109282,1423.7202194357367
1730.698427987862,0.0016635009105380536,1.232015883232939,2710.434943112466,1423.7202194357367
1733.0352635223876,0.0016635009105380536,1.2336793841434772,2714.09464511565,1423.7202194357367
1734.2036812896504,0.0008317504552690268,1.2345111345987463,2715.9244961172417,1423.7202194357367
1734.625112404984,0.00030000235272259923,1.234811136951469,2716.584501293232,1423.7202194357367
1735.7935301722468,0.0008317504552690268,1.235642887406738,2718.4143522948234,1423.7202194357367
1738.1303657067724,0.0016635009105380536,1.2373063883172761,2722.0740542980075,1423.7202194357367
1740.467201241298,0.0016635009105380536,1.2389698892278143,2725.7337563011915,1423.7202194357367
1742.8040367758235,0.0016635009105380536,1.2406333901383524,2729.393458304375,1423.7202194357367
1744.1831701007532,0.0009817490551316513,1.241615139193484,2731.553306225665,1423.7202194357367
1746.9224723504224,0.0019500024102035202,1.2435651416036875,2735.8433115281123,1423.7202194357367
1752.8225079650947,0.0042000020201322895,1.2477651436238197,2745.0833159724034,1423.7202194357367
1758.722543579767,0.0042000020201322895,1.251965145643952,2754.3233204166945,1423.7202194357367
1764.6225791944394,0.0042000020201322895,1.2561651476640843,2763.563324860985,1423.7202194357367
1767.3618814441086,0.0019500024102035202,1.2581151500742878,2767.853330163433,1423.7202194357367
1768.7410147690382,0.0009817490551316513,1.2590968991294194,2770.0131780847228,1423.7202194357367
1771.0778503035638,0.0016635009105380536,1.2607604000399575,2773.6728800879064,1423.7202194357367
1773.4146858380893,0.0016635009105380536,1.2624239009504956,2777.3325820910904,1423.7202194357367
1775.751521372615,0.0016635009105380536,1.2640874018610337,2780.992284094274,1423.7202194357367
1776.9199391398777,0.0008317504552690268,1.2649191523163028,2782.822135095866,1423.7202194357367
1777.3413702552114,0.00030000235272259923,1.2652191546690255,2783.482140271856,1423.7202194357367
1778.5097880224741,0.0008317504552690268,1.2660509051242945,2785.311991273448,1423.7202194357367
1780.8466235569997,0.0016635009105380536,1.2677144060348327,2788.971693276632,1423.7202194357367
1783.1834590915253,0.0016635009105380536,1.2693779069453708,2792.631395279816,1423.7202194357367
1785.5202946260508,0.0016635009105380536,1.271041407855909,2796.2910972829995,1423.7202194357367
1786.8994279509805,0.0009817490551316513,1.2720231569110405,2798.450945204289,1423.7202194357367
1789.6387302006497,0.0019500024102035202,1.273973159321244,2802.7409505067367,1423.7202194357367
1795.538765815322,0.0042000020201322895,1.2781731613413763,2811.980954951028,1423.7202194357367
1801.4388014299943,0.0042000020201322895,1.2823731633615085,2821.220959395319,1423.7202194357367
1807.3388370446667,0.0042000020201322895,1.2865731653816408,2830.4609638396096,1423.7202194357367
1810.0781392943359,0.0019500024102035202,1.2885231677918443,2834.7509691420573,1423.7202194357367
1811.4572726192655,0.0009817490551316513,1.2895049168469759,2836.9108170633467,1423.7202194357367
1813.794108153791,0.0016635009105380536,1.291168417757514,2840.570519066531,1423.7202194357367
1816.1309436883166,0.0016635009105380536,1.2928319186680521,2844.230221069715,1423.7202194357367
1818.4677792228422,0.0016635009105380536,1.2944954195785903,2847.8899230728985,1423.7202194357367
1819.636196990105,0.0008317504552690268,1.2953271700338593,2849.7197740744905,1423.7202194357367
1820.0576281054387,0.00030000235272259923,1.295627172386582,2850.37977925048,1423.7202194357367
1821.2260458727014,0.0008317504552690268,1.296458922841851,2852.209630252072,1423.7202194357367
1823.562881407227,0.0016635009105380536,1.2981224237523892,2855.8693322552563,1423.7202194357367
1825.8997169417526,0.0016635009105380536,1.2997859246629273,2859.52903425844,1423.7202194357367
1828.2365524762781,0.0016635009105380536,1.3014494255734654,2863.188736261624,1423.7202194357367
1829.6156858012077,0.0009817490551316513,1.302431174628597,2865.3485841829133,1423.7202194357367
1832.354988050877,0.0019500024102035202,1.3043811770388005,2869.638589485361,1423.7202194357367
1838.2550236655493,0.0042000020201322895,1.3085811790589328,2878.878593929652,1423.7202194357367
1844.1550592802216,0.0042000020201322895,1.312781181079065,2888.1185983739433,1423.7202194357367
1850.055094894894,0.0042000020201322895,1.3169811830991973,2897.358602818234,1423.7202194357367
1852.7943971445632,0.0019500024102035202,1.3189311855094008,2901.6486081206817,1423.7202194357367
1854.1735304694928,0.0009817490551316513,1.3199129345645324,2903.808456041971,1423.7202194357367
1856.5103660040184,0.0016635009105380536,1.3215764354750705,2907.468158045155,1423.7202194357367
1858.847201538544,0.0016635009105380536,1.3232399363856087,2911.1278600483392,1423.7202194357367
1861.1840370730695,0.0016635009105380536,1.3249034372961468,2914.787562051523,1423.7202194357367
1862.3524548403323,0.0008317504552690268,1.3257351877514159,2916.617413053115,1423.7202194357367
1862.773885955666,0.00030000235272259923,1.3260351901041385,2917.2774182291046,1423.7202194357367
1863.9423037229287,0.0008317504552690268,1.3268669405594076,2919.1072692306966,1423.7202194357367
1866.2791392574543,0.0016635009105380536,1.3285304414699457,2922.7669712338807,1423.7202194357367
1868.6159747919799,0.0016635009105380536,1.3301939423804838,2926.4266732370643,1423.7202194357367
1870.9528103265054,0.0016635009105380536,1.331857443291022,2930.0863752402483,1423.7202194357367
1872.331943651435,0.0009817490551316513,1.3328391923461536,2932.2462231615377,1423.7202194357367
1875.0712459011042,0.0019500024102035202,1.334789194756357,2936.5362284639855,1423.7202194357367
1880.9712815157766,0.0042000020201322895,1.3389891967764893,2945.7762329082766,1423.7202194357367
1886.871317130449,0.0042000020201322895,1.3431891987966216,2955.0162373525673,1423.7202194357367
1892.7713527451212,0.0042000020201322895,1.3473892008167538,2964.2562417968584,1423.7202194357367
1895.5106549947905,0.0019500024102035202,1.3493392032269573,2968.546247099306,1423.7202194357367
1896.88978831972,0.0009817490551316513,1.350320952282089,2970.7060950205955,1423.7202194357367
1899.2266238542456,0.0016635009105380536,1.351984453192627,2974.3657970237796,1423.7202194357367
1901.5634593887712,0.0016635009105380536,1.3536479541031652,2978.025499026963,1423.7202194357367
1903.9002949232968,0.0016635009105380536,1.3553114550137033,2981.6852010301473,1423.7202194357367
1905.0687126905596,0.0008317504552690268,1.3561432054689724,2983.5150520317393,1423.7202194357367
1905.4901438058932,0.00030000235272259923,1.356443207821695,2984.175057207729,1423.7202194357367
1906.658561573156,0.0008317504552690268,1.357274958276964,2986.004908209321,1423.7202194357367
1908.9953971076816,0.0016635009105380536,1.3589384591875022,2989.664610212505,1423.7202194357367
1911.3322326422071,0.0016635009105380536,1.3606019600980404,2993.3243122156887,1423.7202194357367
1913.6690681767327,0.0016635009105380536,1.3622654610085785,2996.9840142188727,1423.7202194357367
1915.0482015016623,0.0009817490551316513,1.36324721006371,2999.143862140162,1423.7202194357367
1917.7875037513315,0.0019500024102035202,1.3651972124739136,3003.43386744261,1423.7202194357367
1923.6875393660039,0.0042000020201322895,1.3693972144940458,3012.673871886901,1423.7202194357367
1929.5875749806762,0.0042000020201322895,1.373597216514178,3021.9138763311917,1423.7202194357367
1935.4876105953485,0.0042000020201322895,1.3777972185343104,3031.153880775483,1423.7202194357367
1938.2269128450178,0.0019500024102035202,1.3797472209445139,3035.4438860779305,1423.7202194357367
1939.6060461699474,0.0009817490551316513,1.3807289699996455,3037.60373399922,1423.7202194357367
1941.942881704473,0.0016635009105380536,1.3823924709101836,3041.263436002404,1423.7202194357367
1944.2797172389985,0.0016635009105380536,1.3840559718207217,3044.9231380055876,1423.7202194357367
1946.616552773524,0.0016635009105380536,1.3857194727312598,3048.5828400087717,1423.7202194357367
1947.7849705407868,0.0008317504552690268,1.386551223186529,3050.4126910103637,1423.7202194357367
1948.2064016561205,0.00030000235272259923,1.3868512255392516,3051.0726961863534,1423.7202194357367
1949.3748194233833,0.0008317504552690268,1.3876829759945206,3052.9025471879454,1423.7202194357367
1951.7116549579089,0.0016635009105380536,1.3893464769050587,3056.5622491911295,1423.7202194357367
1954.0484904924344,0.0016635009105380536,1.3910099778155969,3060.221951194313,1423.7202194357367
1956.38532602696,0.0016635009105380536,1.392673478726135,3063.881653197497,1423.7202194357367
1957.7644593518896,0.0009817490551316513,1.3936552277812666,3066.0415011187865,1423.7202194357367
1960.5037616015588,0.0019500024102035202,1.39560523019147,3070.3315064212343,1423.7202194357367
1966.4037972162312,0.0042000020201322895,1.3998052322116024,3079.5715108655254,1423.7202194357367
1972.3038328309035,0.0042000020201322895,1.4040052342317346,3088.811515309816,1423.7202194357367
1978.2038684455758,0.0042000020201322895,1.4082052362518669,3098.051519754107,1423.7202194357367
1980.943170695245,0.0019500024102035202,1.4101552386620704,3102.341525056555,1423.7202194357367
1982.3223040201747,0.0009817490551316513,1.411136987717202,3104.5013729778443,1423.7202194357367
1984.6591395547002,0.0016635009105380536,1.41280048862774,3108.1610749810284,1423.7202194357367
1986.9959750892258,0.0016635009105380536,1.4144639895382782,3111.820776984212,1423.7202194357367
1989.3328106237514,0.0016635009105380536,1.4161274904488164,3115.480478987396,1423.7202194357367
1990.5012283910141,0.0008317504552690268,1.4169592409040854,3117.310329988988,1423.7202194357367
1990.9226595063478,0.00030000235272259923,1.417259243256808,3117.9703351649778,1423.7202194357367
1992.0910772736106,0.0008317504552690268,1.4180909937120771,3119.80018616657,1423.7202194357367
1994.4279128081362,0.0016635009105380536,1.4197544946226153,3123.4598881697534,1423.7202194357367
1996.7647483426617,0.0016635009105380536,1.4214179955331534,3127.1195901729375,1423.7202194357367
1999.1015838771873,0.0016635009105380536,1.4230814964436915,3130.7792921761215,1423.7202194357367
2000.480717202117,0.0009817490551316513,1.4240632454988231,3132.939140097411,1423.7202194357367
2003.2200194517861,0.0019500024102035202,1.4260132479090266,3137.2291453998587,1423.7202194357367
2009.1200550664585,0.0042000020201322895,1.4302132499291589,3146.4691498441493,1423.7202194357367
2015.0200906811308,0.0042000020201322895,1.4344132519492911,3155.7091542884405,1423.7202194357367
2020.9201262958031,0.0042000020201322895,1.4386132539694234,3164.9491587327316,1423.7202194357367
2023.6594285454723,0.0019500024102035202,1.440563256379627,3169.2391640351793,1423.7202194357367
2025.038561870402,0.0009817490551316513,1.4415450054347585,3171.3990119564687,1423.7202194357367
2027.3753974049275,0.0016635009105380536,1.4432085063452966,3175.058713959653,1423.7202194357367
2029.712232939453,0.0016635009105380536,1.4448720072558348,3178.7184159628364,1423.7202194357367
2032.0490684739787,0.0016635009105380536,1.4465355081663729,3182.3781179660205,1423.7202194357367
2033.2174862412414,0.0008317504552690268,1.447367258621642,3184.2079689676125,1423.7202194357367
2033.6389173565751,0.00030000235272259923,1.4476672609743646,3184.867974143602,1423.7202194357367
2034.807335123838,0.0008317504552690268,1.4484990114296337,3186.697825145194,1423.7202194357367
2037.1441706583635,0.0016635009105380536,1.4501625123401718,3190.357527148378,1423.7202194357367
2039.481006192889,0.0016635009105380536,1.45182601325071,3194.017229151562,1423.7202194357367
2041.8178417274146,0.0016635009105380536,1.453489514161248,3197.676931154746,1423.7202194357367
2043.1969750523442,0.0009817490551316513,1.4544712632163797,3199.8367790760353,1423.7202194357367
2045.9362773020134,0.0019500024102035202,1.4564212656265831,3204.126784378483,1423.7202194357367
2051.836312916686,0.0042000020201322895,1.4606212676467154,3213.3667888227737,1423.7202194357367
2057.7363485313585,0.0042000020201322895,1.4648212696668477,3222.606793267065,1423.7202194357367
2063.636384146031,0.0042000020201322895,1.46902127168698,3231.846797711356,1423.7202194357367
2066.3756863957005,0.0019500024102035202,1.4709712740971834,3236.1368030138037,1423.7202194357367
2067.75481972063,0.0009817490551316513,1.471953023152315,3238.296650935093,1423.7202194357367
2070.0916552551557,0.0016635009105380536,1.4736165240628532,3241.9563529382767,1423.7202194357367
2072.4284907896813,0.0016635009105380536,1.4752800249733913,3245.616054941461,1423.7202194357367
2074.765326324207,0.0016635009105380536,1.4769435258839294,3249.275756944645,1423.7202194357367
2075.9337440914696,0.0008317504552690268,1.4777752763391985,3251.1056079462364,1423.7202194357367
2076.3551752068033,0.00030000235272259923,1.4780752786919211,3251.7656131222266,1423.7202194357367
2077.523592974066,0.0008317504552690268,1.4789070291471902,3253.5954641238186,1423.7202194357367
2079.8604285085917,0.0016635009105380536,1.4805705300577283,3257.255166127002,1423.7202194357367
2082.1972640431172,0.0016635009105380536,1.4822340309682664,3260.9148681301863,1423.7202194357367
2084.534099577643,0.0016635009105380536,1.4838975318788046,3264.57457013337,1423.7202194357367
2085.9132329025724,0.0009817490551316513,1.4848792809339362,3266.7344180546597,1423.7202194357367
2088.652535152242,0.0019500024102035202,1.4868292833441397,3271.0244233571075,1423.7202194357367
2094.5525707669144,0.0042000020201322895,1.491029285364272,3280.264427801398,1423.7202194357367
2100.452606381587,0.0042000020201322895,1.4952292873844042,3289.5044322456893,1423.7202194357367
2106.3526419962595,0.0042000020201322895,1.4994292894045365,3298.7444366899804,1423.7202194357367
2109.091944245929,0.0019500024102035202,1.50137929181474,3303.0344419924277,1423.7202194357367
2110.4710775708586,0.0009817490551316513,1.5023610408698715,3305.1942899137175,1423.7202194357367
2112.807913105384,0.0016635009105380536,1.5040245417804097,3308.853991916901,1423.7202194357367
2115.1447486399097,0.0016635009105380536,1.5056880426909478,3312.513693920085,1423.7202194357367
2117.4815841744353,0.0016635009105380536,1.507351543601486,3316.1733959232693,1423.7202194357367
2118.650001941698,0.0008317504552690268,1.508183294056755,3318.003246924861,1423.7202194357367
2119.0714330570318,0.00030000235272259923,1.5084832964094776,3318.663252100851,1423.7202194357367
2120.2398508242945,0.0008317504552690268,1.5093150468647467,3320.4931031024425,1423.7202194357367
2122.57668635882,0.0016635009105380536,1.5109785477752848,3324.1528051056266,1423.7202194357367
2124.9135218933457,0.0016635009105380536,1.512642048685823,3327.8125071088107,1423.7202194357367
2127.250357427871,0.0016635009105380536,1.514305549596361,3331.4722091119943,1423.7202194357367
2128.629490752801,0.0009817490551316513,1.5152872986514927,3333.632057033284,1423.7202194357367
2131.3687930024703,0.0019500024102035202,1.5172373010616962,3337.9220623357314,1423.7202194357367
2137.268828617143,0.0042000020201322895,1.5214373030818285,3347.1620667800225,1423.7202194357367
2143.1688642318154,0.0042000020201322895,1.5256373051019607,3356.4020712243137,1423.7202194357367
2149.068899846488,0.0042000020201322895,1.529837307122093,3365.642075668605,1423.7202194357367
2151.8082020961574,0.0019500024102035202,1.5317873095322965,3369.932080971052,1423.7202194357367
